,LOC_GUID,ADDR_GUID,APT_NO_LABEL,CIVIC_NO,CIVIC_NO_SUFFIX,OFFICIAL_STREET_NAME,OFFICIAL_STREET_TYPE,OFFICIAL_STREET_DIR,PROV_CODE,CSD_ENG_NAME,CSD_FRE_NAME,CSD_TYPE_ENG_CODE,CSD_TYPE_FRE_CODE,MAIL_STREET_NAME,MAIL_STREET_TYPE,MAIL_STREET_DIR,MAIL_MUN_NAME,MAIL_PROV_ABVN,MAIL_POSTAL_CODE,BG_DLS_LSD,BG_DLS_QTR,BG_DLS_SCTN,BG_DLS_TWNSHP,BG_DLS_RNG,BG_DLS_MRD,BG_X,BG_Y,BU_N_CIVIC_ADD,BU_USE
0,c718fde3-2675-42aa-8ded-ccdcee71c70c,ae4fa745-72a7-4932-ad02-cccffa10bdbe,,612,,Tanguay,CRT,,35,Ottawa,Ottawa,CV,CV,TANGUAY,CRT,,KANATA,ON,K2L3X3,,,,,,,7460357.261,1173984.3426,,2
1,55f37265-5b56-408f-b8fc-274c863afa26,5831b414-0aba-4ac4-989a-ba8807905196,,41914,,Harriston,RD,,35,Morris-Turnberry,Morris-Turnberry,MU,MU,HARRISTON,RD,,BLUEVALE,ON,N0G1G0,,,,,,,7071902.2307,924956.79571,RR 1,2
2,a13f7c49-9b06-4bb3-8cc7-ea6fac42ea55,e716d619-2560-41ef-bd7b-b3d9c60dbd68,,14,,Crockett,PL,,35,Clarington,Clarington,MU,MU,CROCKETT,PL,,BOWMANVILLE,ON,L1C5P4,,,,,,,7273587.2252,970841.7776,,1
3,92657f3f-59e4-4690-b935-934a6ff779af,c56891fc-afa0-46d0-9b0b-bf941c2f2a7e,,38,,St. Andrew,ST,,35,Norfolk County,Norfolk County,CY,CY,ST ANDREW,ST,,PORT DOVER,ON,N0A1N0,,,,,,,,,,1
4,03c2f3df-5a55-4c8b-958f-d33f69d88d66,f5e1e508-6002-483b-be83-bedf64a1d029,,671,,Highview,RD,,35,Pickering,Pickering,CY,CY,HIGHVIEW,RD,,PICKERING,ON,L1V4W2,,,,,,,7241427.4346,952895.96522,,1
5,54afced1-dbe5-4aa6-9f57-b25023899320,45b91c94-43a6-4e55-952d-0a7e5f7505a2,2013,25,,Richmond,ST,E,35,Toronto,Toronto,C,C,RICHMOND,ST,E,TORONTO,ON,M5C0A6,,,,,,,7225341.2672,928653.54668,,1
6,705f0081-1f69-487b-baf9-7f5f63197ad9,ed9aff92-b983-4c58-9fa0-40ffcc835559,,87,,Livingstone,ST,E,35,Barrie,Barrie,CY,CY,LIVINGSTONE,ST,E,BARRIE,ON,L4M6Y2,,,,,,,7182510.1364,1008512.9706,,2
7,5ed80a50-a244-496b-95da-bc938b37c62d,5b6fe25f-2564-48a8-b9cb-5084fe3d1bbb,,22,,Alcester,CRT,,35,Toronto,Toronto,C,C,ALCESTER,CRT,,NORTH YORK,ON,M6A2Z6,,,,,,,7217867.7828,935567.7646,,2
8,650e5764-2691-429f-8935-5f4d3ca4cd23,27de3ae4-b210-44a0-919c-b7fab4cb1c47,201-1,630,,6th,ST,,35,Hanover,Hanover,T,T,6TH,ST,,HANOVER,ON,N4N0A4,,,,,,,7082716.6563,959674.09781,,1
9,e35804f2-a98e-4020-8bdd-5818c1b6f708,0b23ca25-b57c-4220-bb41-d6bbdb65f3d5,918,50,,John,ST,,35,Toronto,Toronto,C,C,JOHN,ST,,TORONTO,ON,M5V3T5,,,,,,,7224451.7346,927737.26328,,2
10,60324ada-51ae-4e0d-b7b4-ce4f80b5c538,72fce1fb-7bec-4d4c-859d-b5e5ec29f288,908,275,,Bleecker,ST,,35,Toronto,Toronto,C,C,BLEECKER,ST,,TORONTO,ON,M4X1M1,,,,,,,7225225.2511,930586.75784,,1
11,813fd047-ab55-406f-a214-5164283dbac1,124826b6-7636-47bf-8dca-e3f066cc75b6,,17,,Keith,ST,,35,Orillia,Orillia,CY,CY,KEITH,ST,,ORILLIA,ON,L3V7V6,,,,,,,7201875.9696,1033671.4311,,1
12,960cb5e9-9656-42b9-8da5-03a7f0247f59,e1f95ba7-23e4-437f-b462-7d78d16a53de,,18,,Railway,ST,,35,Ottawa,Ottawa,CV,CV,RAILWAY,ST,,OTTAWA,ON,K1S4N9,,,,,,,7470667.4983,1188101.3898,,2
13,594da1c2-8e61-4f4b-a5c5-513281fa6a8e,63d95e31-32fa-4f4f-8f8f-8ed64f393010,2306,105,,Oneida,CRES,,35,Richmond Hill,Richmond Hill,CY,CY,ONEIDA,CRES,,RICHMOND HILL,ON,L4B0H6,,,,,,,7217074.9084,949315.821,,1
14,b5b72062-2dca-4d19-9672-e0dc4c0634df,f0fe42be-755e-467b-862e-ddb38de9a1de,,2205,,3rd,AVE,E,35,Owen Sound,Owen Sound,CY,CY,3RD,AVE,E,OWEN SOUND,ON,N4K2M5,,,,,,,7081045.7689,1009594.4962,,2
15,21f10e55-f11e-4234-a881-6136eccdd716,2e0f9314-05da-4b02-a787-9f409d89ce74,,1158,,Gough,RD,,35,London,London,CY,CY,GOUGH,RD,,LONDON,ON,N5X0H3,,,,,,,,,,1
16,754b8df8-0de6-435a-b53d-259a4e4b7452,39fe430d-2af9-42d6-9c34-41f87607c891,20,96,,Confederation,DR,,35,St. Thomas,St. Thomas,CY,CY,CONFEDERATION,DR,,ST THOMAS,ON,N5P3P4,,,,,,,7096285.3061,805516.56848,,1
17,f12b4373-9b31-4454-8952-f6dd85a4f744,c68e0bae-58bf-4307-911c-13335675121f,,26093,,Marsh,LINE,,35,West Elgin,West Elgin,MU,MU,MARSH,LINE,,WEST LORNE,ON,N0L2P0,,,,,,,,,,3
18,eb660b51-ca7b-4f43-95a5-80f759ffddd5,4077ac11-8d42-41de-8840-8a4757c96b90,,6,C,Henfield,AVE,,35,Ottawa,Ottawa,CV,CV,HENFIELD,AVE,,NEPEAN,ON,K2J1P2,,,,,,,7471098.8369,1174587.1043,,2
19,9c99349a-37e2-4ac2-a4e2-37480460e5b5,6cc2a482-8784-4b75-a1f2-7819eb3374e1,208,1,,Hesperus,RD,,35,Vaughan,Vaughan,CY,CY,HESPERUS,RD,,THORNHILL,ON,L4J0G9,,,,,,,7213969.3502,948639.57929,,1
20,8906c382-e9ee-42ad-99a6-7756d8d5ce70,281240b8-df10-492b-b18b-3348df47ec63,722,11,,Ruddington,DR,,35,Toronto,Toronto,C,C,RUDDINGTON,DR,,NORTH YORK,ON,M2K2J6,,,,,,,7221131.1135,943569.21686,,2
21,6246f53a-3e1a-412d-8352-667bc2cbaffd,9bf91138-cbaf-43c4-8762-b0fa9f07918d,,36,,Charles,CRES,,35,Chatham-Kent,Chatham-Kent,MU,MU,CHARLES,CRES,,WALLACEBURG,ON,N8A5H7,,,,,,,6999375.238,767112.31574,,2
22,8ccad429-d4ec-4525-a6b5-a5fb1fd4cea8,64d6cbec-86ae-43e6-92c6-1fdafe640c5c,1203,180,,Markham,RD,,35,Toronto,Toronto,C,C,MARKHAM,RD,,SCARBOROUGH,ON,M1M2Z9,,,,,,,7236086.3252,941216.98544,,2
23,be55a5a1-9ce4-490f-9d5b-aa22016e24e4,6bdf8e59-7aa1-4ba1-ab77-e5ea3312886b,,10581,,Brook,LINE,,35,Chatham-Kent,Chatham-Kent,MU,MU,BROOK,LINE,,DRESDEN,ON,N0P1M0,,,,,,,7017528.1357,760768.92242,RR 7,2
24,24652bcf-d565-4e8e-b618-f0fba2b5c670,c99598da-ef3c-4d56-9240-f53d1d25c586,203,120,,Acorn,PL,,35,Mississauga,Mississauga,CY,CY,ACORN,PL,,MISSISSAUGA,ON,L4Z3N5,,,,,,,7204667.4742,919166.48729,,1
25,e97daeef-e85c-4ffc-b18a-0ef24b2d50f9,0f9c6892-1c78-4026-b129-5ebd2d8f975e,,1293,,Chee Chee,LANDNG,,35,Milton,Milton,T,T,CHEE CHEE,LANDNG,,MILTON,ON,L9E1L2,,,,,,,,,,1
26,cd00e4b4-9f89-409c-a869-00fb2d555bf6,f2dff54f-a620-4858-92eb-b5ecdcb0fc25,,5166,,8th,LINE,,35,Essa,Essa,TP,TP,8TH,LINE,,COOKSTOWN,ON,L0L1L0,,,,,,,7182460.7399,981951.38988,,2
27,3f38f4b8-190e-4488-a0b3-25eebeb05c06,86b3058c-ebbf-4e07-831a-e6323c693be8,,71,,Styles,CRES,,35,Ajax,Ajax,T,T,STYLES,CRES,,AJAX,ON,L1Z0A8,,,,,,,7249680.6787,960869.4856,,2
28,66ed6059-aac4-4904-adaa-621df572760d,27bb2a01-fbb7-49fe-8fe3-0a6416430571,,75,,Cardiff,RD,,35,Toronto,Toronto,C,C,CARDIFF,RD,,NORTH YORK,ON,M4P2P4,,,,,,,7223395.8458,935360.18018,,2
29,09013759-03fb-4223-b524-2aa5f7790374,bdac1795-34a4-4b31-95fa-0c3dec61744a,,152,,Charing Cross,ST,,35,Brantford,Brantford,CY,CY,CHARING CROSS,ST,,BRANTFORD,ON,N3R2J4,,,,,,,7163734.9162,859556.80305,,2
30,9d54d452-2627-475b-8caf-547a96e0578e,e1e3d817-4531-4544-a0a0-158b4a8cea24,,3,,Barnes,RD,,35,St. Catharines,St. Catharines,CY,CY,BARNES,RD,,ST CATHARINES,ON,L2P3A2,,,,,,,7249561.6684,876914.77783,,2
31,6fa9ee14-e1af-4fe2-a73f-ae987c117bd1,94c9ab88-4b38-453e-94ab-c688c78f4852,,2951,,Heardcreek,TRAIL,,35,London,London,CY,CY,HEARDCREEK,TRAIL,,LONDON,ON,N6G0X8,,,,,,,,,,1
32,859e9290-8505-47fc-9176-cf435ecb64d6,b06cfa3f-72d6-4e3b-b3f9-436759d5fac1,,49,,R5,RD,,35,Rideau Lakes,Rideau Lakes,TP,TP,R5,,,LOMBARDY,ON,K0G1L0,,,,,,,,,,1
33,340672a6-eb30-4718-8519-7542791b70e4,7c4e95b7-6776-4928-a0ae-379a7200d7b5,,124,,Kirkland,PL,,35,Whitby,Whitby,T,T,KIRKLAND,PL,,WHITBY,ON,L1P1W9,,,,,,,7252140.4325,963232.08573,,2
34,630cc98f-4058-4a96-9dc8-63e919eac6f6,8b948964-96b5-4d0f-a5a6-8c96aaa7a4a6,,223,,Wyandotte,ST,E,35,Windsor,Windsor,CY,CY,WYANDOTTE,ST,E,WINDSOR,ON,N9A3H5,,,,,,,6948644.0481,727120.93906,,3
35,bfea9aa2-9af7-43c6-a8b2-39bac6d4f798,dea39176-ddfa-414b-9d20-9b799e3d000b,,89,,Fairfield,AVE,,35,Hamilton,Hamilton,C,C,FAIRFIELD,AVE,,HAMILTON,ON,L8H5H1,,,,,,,7199711.388,875975.38198,,2
36,d2b34b76-91cd-4011-97db-04ff980055ad,68b1ee50-5071-442a-84ab-0b385f19acff,1C,931,,Glasgow,ST,,35,Kitchener,Kitchener,CY,CY,GLASGOW,ST,,KITCHENER,ON,N2N0B5,,,,,,,7134725.1411,887181.63645,,1
37,ee5f1bb8-d921-4fda-9e54-6520f4ef97dc,3c503c8b-7461-4d91-8e30-7f9ea15ff6c7,131,3333,,New,ST,,35,Burlington,Burlington,CY,CY,NEW,ST,,BURLINGTON,ON,L7N1N1,,,,,,,7199481.0681,888131.90279,,1
38,3a6d9043-162b-4f5a-a8ba-088384732134,162336c9-3ce3-475a-8450-88ed75d0fe22,,6957,,Lake Forest,WALK,,35,Ottawa,Ottawa,CV,CV,LAKE FOREST,WALK,,GREELY,ON,K4P0A3,,,,,,,7485163.6259,1176153.6302,,1
39,675deea3-5973-4e84-97f5-21f998d48c44,47a11430-3de4-46be-a5e0-5aad6836cd6a,,86,,Queensdale,CRES,,35,Guelph,Guelph,CY,CY,QUEENSDALE,CRES,,GUELPH,ON,N1H6W3,,,,,,,7155093.2471,899375.9489,,1
40,e75b1552-9011-437a-aff2-a136884e6974,34d38b28-1e32-4776-a843-1498f964bd6e,1413,2975,,Albion,RD,N,35,Ottawa,Ottawa,CV,CV,ALBION,RD,N,OTTAWA,ON,K1V8S3,,,,,,,7476068.9604,1186080.6317,,1
41,699771b0-2779-4397-9007-6315573936c3,680c63a7-7f6d-4351-bf68-2d57a223ff9d,420,1400,,Bathurst,ST,,35,Toronto,Toronto,C,C,BATHURST,ST,,TORONTO,ON,M5R3S5,,,,,,,7221370.4813,931191.44291,,1
42,88de27cf-b1bf-48c0-92cf-32f10640b33d,56140cef-a869-404e-a09c-a8c992154584,,24,,55th,ST,S,35,Wasaga Beach,Wasaga Beach,T,T,55TH,ST,S,WASAGA BEACH,ON,L9Z1W9,,,,,,,7150452.776,1008885.0821,,1
43,1ea3e5c4-c300-429f-9636-1523e19c9098,93c7997c-5167-40fd-b914-37058dfaa9ed,1,1625,,Purser,ST,,35,London,London,CY,CY,PURSER,ST,,LONDON,ON,N5V0A7,,,,,,,7087322.1938,831841.4455,,1
44,1e5ab8bc-17ac-4b3c-824b-ca434bac3c7f,a7b3f03c-a4a4-438c-bbc3-5a37e6280f9c,,35,,Monterey,DR,,35,Ottawa,Ottawa,CV,CV,MONTEREY,DR,,NEPEAN,ON,K2H7A9,,,,,,,7466496.6167,1179889.5499,,1
45,8e156ae9-8389-4ebf-81e9-adaa74e18a31,8e36709c-e1af-4713-9c26-4262ff8a5082,,30,,St. Dunstan,DR,,35,Toronto,Toronto,C,C,ST DUNSTAN,DR,,SCARBOROUGH,ON,M1L2V3,,,,,,,7231788.8747,934716.23611,,1
46,67e6fcbe-54d4-4915-b8d6-ce23a312a25f,3bcf445d-c0dc-4d0d-897d-c96bc159cad1,,1254,,Willowbank,TRAIL,,35,Mississauga,Mississauga,CY,CY,WILLOWBANK,TRAIL,,MISSISSAUGA,ON,L4W3H9,,,,,,,7206603.6541,921919.75376,,1
47,7e5fbd3a-406d-41fa-9300-fc74fdb92944,d51b5f22-0605-4fe6-be1f-820f0afd681f,410,221,,Melvin,AVE,,35,Hamilton,Hamilton,C,C,MELVIN,AVE,,HAMILTON,ON,L8H2K1,,,,,,,7200851.8382,876431.02505,,1
48,3a392bb3-3c0d-421a-9b74-1e8276bfa996,b24b6879-e68f-46e0-b9d2-aff7b7e929d3,1,10,,Plymouth,CRT,,35,Guelph,Guelph,CY,CY,PLYMOUTH,CRT,,GUELPH,ON,N1H5W2,,,,,,,7154902.5706,902599.04868,,1
49,b69d2f69-4065-4b87-8e87-d16c0e781de9,d7878beb-32f1-41f5-b4d6-8e757524d644,,12,,Ridge,RD,,35,Ingersoll,Ingersoll,T,T,RIDGE,RD,,INGERSOLL,ON,N5C4B8,,,,,,,7113571.9645,836679.82071,,2
50,ccb6399c-6f62-4e2b-9923-039f41f7adea,4fb35178-b2c1-4491-853a-06e26c368c1d,,2103,,Preston,RD,,35,Cavan Monaghan,Cavan Monaghan,TP,TP,PRESTON,RD,,CAVAN MONAGHAN,ON,K9J0G5,,,,,,,7289138.9063,1012050.541,,1
51,cc75537f-a3a9-4bf0-ae62-501634b68852,5c467dff-2595-49ee-8f32-09a6689ffb44,,774830,,10,HWY,,35,Grey Highlands,Grey Highlands,MU,MU,10,HWY,,MARKDALE,ON,N0C1H0,,,,,,,,,RR 7,1
52,2bdee112-628a-4de1-881a-fc63c34fc818,42479d13-4f94-46fd-a7ef-dc3e321ba1dd,,620,,18+19,SIDERD,,35,Saugeen Shores,Saugeen Shores,T,T,SIDERD 18/19,,,PORT ELGIN,ON,N0H2C7,,,,,,,,,,2
53,c292e633-b821-40f7-8ff2-2f92a520181f,041491a1-d194-4252-a0c1-2eafe329e80d,,53,,Currie,ST,,35,St. Catharines,St. Catharines,CY,CY,CURRIE,ST,,ST CATHARINES,ON,L2M5M9,,,,,,,7248154.7352,877871.30725,,1
54,8ab0fbbb-22fa-4372-9836-4d78a0c2b119,851dfa2e-658e-402f-b121-0932076792eb,603,443,,Montcalm,DR,,35,Peterborough,Peterborough,CY,CY,MONTCALM,DR,,PETERBOROUGH,ON,K9H6S8,,,,,,,7294907.0756,1023402.7995,,2
55,cce1d262-c78d-4d74-b42d-cd0b2fd48913,060b7c40-af0a-48b7-a920-cef9e4bd228a,1107,34,,Tubman,AVE,,35,Toronto,Toronto,C,C,TUBMAN,AVE,,TORONTO,ON,M5A0R2,,,,,,,7226554.8647,929962.55131,,1
56,ca34883d-9539-4e59-b3ca-a82ee9118533,5d971626-4e58-42fc-8874-10b44a4224d6,18,245,,Wellington,AVE,S,35,North Perth,North Perth,MU,MU,WELLINGTON,AVE,S,LISTOWEL,ON,N4W2J1,,,,,,,7095829.7275,913607.83144,,1
57,fe34b582-a925-416e-b4b9-013e852a3487,dae042ea-a815-4a35-8237-cbae9309a8db,1,62,,Princess,ST,,35,Kingston,Kingston,CY,CY,PRINCESS,ST,,KINGSTON,ON,K7L1A5,,,,,,,7443100.5075,1044574.4116,,1
58,e845a623-21f7-4956-835f-90f8f6144ddc,978c0d46-01b3-4df6-9c05-e1be7fe3ac91,104,10,,Preston,ST,,35,Ottawa,Ottawa,CV,CV,PRESTON,ST,,OTTAWA,ON,K1R7W4,,,,,,,7470077.6985,1189079.5746,,1
59,91a4caef-d141-4af0-b027-a92c9e262776,c8baa716-413d-476c-815d-8cba08cc14b2,,157,,Riverview,DR,,35,Arnprior,Arnprior,T,T,RIVERVIEW,DR,,ARNPRIOR,ON,K7S2G3,,,,,,,7420884.2062,1179910.9256,,1
60,5ec078c5-8db0-46d8-9db1-7fa9246ea008,666a9a12-04a3-43b8-8bca-45d8c16359cd,,2609,,Mer-Bleue,RD,,35,Ottawa,Ottawa,CV,CV,MER-BLEUE,RD,,NAVAN,ON,K4B1H9,,,,,,,7487090.1211,1195599.3397,,1
61,bd323b75-cdc0-401c-8440-3a6161779f5e,72f10b09-1b9a-4990-b519-de730e04c596,1102,60,,Ruddington,DR,,35,Toronto,Toronto,C,C,RUDDINGTON,DR,,NORTH YORK,ON,M2K2J9,,,,,,,7221144.8987,944018.15685,,1
62,f58d3d0f-fbe3-4f41-8a19-fc24fa93109e,198bf9c4-8858-461b-8f86-2ba6671e298c,,24,,Foymount,RD,,35,Bonnechere Valley,Bonnechere Valley,TP,TP,,,,EGANVILLE,ON,K0J1T0,,,,,,,7360273.3503,1175935.8666,,1
63,efcb7aa4-5372-4045-bd87-ca96899c2435,bbfc67d8-b138-4493-bcd7-98fb701be8ee,,55,,Evergreen,LANE,,35,Brighton,Brighton,MU,MU,,,,BRIGHTON,ON,K0K1H0,,,,,,,,,,1
64,48872d17-4102-424b-b5c8-29772a4d9443,f73e3392-f09f-415c-adb5-888b4b797d52,,48,,Whistle Post,ST,,35,Toronto,Toronto,C,C,WHISTLE POST,ST,,TORONTO,ON,M4E3W8,,,,,,,7231101.4807,933840.75248,,1
65,e27a5cfc-c075-4ed4-9cca-b180d3b9136f,9323bb7c-3004-47f3-9ceb-b2746e846010,8,300,,Victoria,ST,N,35,Tweed,Tweed,MU,MU,,,,TWEED,ON,K0K3J0,,,,,,,,,PO BOX 585,1
66,2eb99718-3e94-42f0-b3df-d087ee998826,db4bc9f3-5210-49f4-87c3-de565c286cd6,,35,,Fontainbleau,DR,,35,Toronto,Toronto,C,C,FONTAINBLEAU,DR,,NORTH YORK,ON,M2M1P1,,,,,,,7217946.6174,943556.08792,,2
67,4bd8f4de-4f11-4a78-b659-43512a899af6,fbaebaae-e3a3-4579-a16e-c9e58bd86037,19,42,,West Acres,CRES,,35,Kitchener,Kitchener,CY,CY,WEST ACRES,CRES,,KITCHENER,ON,N2N3G8,,,,,,,7135358.3792,885369.78885,,1
68,a6ad82bc-b023-44f6-ab86-2f271ee1e950,10763b17-e31e-4240-9bdd-959142299ae4,,33,,Rose,AVE,,35,Orillia,Orillia,CY,CY,ROSE,AVE,,ORILLIA,ON,L3V2N8,,,,,,,7200440.8939,1032844.5852,,1
69,1c854ef5-7d3f-4ccb-8122-0a84acc65040,4a0448cf-eb3f-4299-9978-9ea1618db710,,14,,Glenview,AVE,,35,Welland,Welland,CY,CY,GLEN VIEW,AVE,,WELLAND,ON,L3C4K1,,,,,,,7249816.5507,857630.37748,,1
70,970bb372-6c7f-4aa0-b027-727eaf6d7934,ecdb33ce-29a4-4f0c-9be5-0dc7f4555ce8,,170,,Tupper,ST,E,35,New Tecumseth,New Tecumseth,T,T,TUPPER,ST,E,ALLISTON,ON,L9R1W8,,,,,,,7175524.8549,976794.81451,,1
71,495e9eeb-b91f-48a3-96c2-0650418fa88f,f548b0ee-95dd-487c-98e0-7e96e09892d5,1614,4301,,Kingston,RD,,35,Toronto,Toronto,C,C,KINGSTON,RD,,SCARBOROUGH,ON,M1E2N1,,,,,,,7237758.3011,943993.34933,,1
72,cf661466-82ba-4b22-ac8e-cc025e1b1267,f23bfd5c-3e07-493e-85fd-f727fee93c17,,531,,Oakpark,DR,,35,Tecumseh,Tecumseh,T,T,OAKPARK,DR,,TECUMSEH,ON,N8N4P2,,,,,,,6960850.6956,729904.47242,,1
73,f688da39-17d3-4e23-b0d4-e3cea3ad6fa9,0f2dd1a5-9e31-4ec0-b660-d93e3efa26c4,,1441,,72,HWY,,35,Sioux Lookout,Sioux Lookout,MU,MU,HWY 72,,,SIOUX LOOKOUT,ON,P8T0A7,,,,,,,,,,1
74,5be06c8f-8335-4653-be05-fb9115067f20,75d651e2-c7e4-43a3-96e7-45a4adfa2ad3,,10,,Glen Eden,WAY,,35,New Tecumseth,New Tecumseth,T,T,GLEN EDEN,WAY,,ALLISTON,ON,L9R1R3,,,,,,,7180276.2567,979050.8647,,1
75,846402fa-8b26-43da-b5d5-422b305529ca,48c755d0-9db7-4b3e-96fd-47092396616c,,265,,Meadowsweet,TRAIL,,35,London,London,CY,CY,MEADOWSWEET,TRAIL,,LONDON,ON,N5X0A4,,,,,,,7082401.6898,831408.27873,,2
76,1bb2a509-eced-4f85-9b02-5f9f82dbc62e,6a0c3700-0e11-44d7-b306-532f513f4a44,,151,,East Point,LANE,,35,Frontenac Islands,Frontenac Islands,TP,TP,,,,WOLFE ISLAND,ON,K0H2Y0,,,,,,,7450259.7002,1046457.5783,,1
77,39687d5c-ebc3-450f-88b7-d6a619a664a7,438c57aa-762f-4ab0-b82e-03a07b027b96,3314,711,,Coursol,RD,,35,West Nipissing / Nipissing Ouest,West Nipissing / Nipissing Ouest,M,M,COURSOL,RD,,STURGEON FALLS,ON,P2B2Z1,,,,,,,7124206.6609,1222848.5016,,1
78,0c57d1f7-792f-42bf-8f24-51690f6d70a8,5af9a901-4e31-48b1-acbd-dedb2bd5b25c,,27,,Cooke,LANE,,35,Quinte West,Quinte West,CY,CY,COOKE,LANE,,FRANKFORD,ON,K0K2C0,,,,,,,,,,1
79,8494140e-9dad-4b65-8276-334eadcaa275,73e42540-e8a8-4868-8835-c1ee7677688a,,3369,,Bloomfield,RD,,35,Windsor,Windsor,CY,CY,BLOOMFIELD,RD,,WINDSOR,ON,N9C1R4,,,,,,,6945601.1409,724531.10541,,1
80,03a1de44-cae4-416a-91d5-d8e2d50e95cf,8b20d6f2-f873-4506-8677-0e8505597118,215,40,,Francis,ST,E,35,Kawartha Lakes,Kawartha Lakes,CY,CY,FRANCIS,ST,E,FENELON FALLS,ON,K0M1N0,,,,,,,7256837.2764,1037511.2828,RR 2,1
81,0c0a2ce4-474e-44f3-a93b-1975dabd04e4,2d6ef866-1583-47a5-bad3-b285c5173dda,,4,,Forest Heights,AVE,,35,Ottawa,Ottawa,CV,CV,FOREST HEIGHTS,AVE,,STITTSVILLE,ON,K2S0R4,,,,,,,7458025.1255,1168218.6912,,1
82,16085484-189a-4175-9825-6358369ce5c9,f514644d-e10d-4788-af66-dae4209bb8b6,,6809,,Forestell,RD,,35,Puslinch,Puslinch,TP,TP,FORESTELL,RD,,GUELPH,ON,N1H6J3,,,,,,,,,,1
83,64c1ddf4-461e-42b0-815f-a4257b73cfdf,a46dfbf0-499c-4b0a-90a2-e7a6af20d49f,211,156,,Fitch,ST,,35,Welland,Welland,CY,CY,FITCH,ST,,WELLAND,ON,L3C5R7,,,,,,,7249524.2339,857166.52462,,1
84,f2468da0-cb09-4394-9b32-264d6abd8185,40d449e3-45c6-404a-8e2d-a666541f15c4,,49,,Brumwell,ST,,35,Toronto,Toronto,C,C,BRUMWELL,ST,,SCARBOROUGH,ON,M1C2K7,,,,,,,7240672.4816,947953.47344,,2
85,22c9b519-2e25-430b-b83f-668de67927da,d021d0da-ade8-45be-af7f-d0fbf4368ddf,,14,,Hodnett,CRES,,35,Clarington,Clarington,MU,MU,HODNETT,CRES,,NEWCASTLE,ON,L1B1R6,,,,,,,7283388.0748,969483.627,,1
86,7f05de92-c983-45d1-a9a5-7335f05d851d,57677bdd-5e9f-44f7-9eb8-582b60b09099,2,103,,Myrtle,AVE,,35,Hamilton,Hamilton,C,C,MYRTLE,AVE,,HAMILTON,ON,L8M2G1,,,,,,,7195718.2964,875839.17254,,1
87,7ef229fa-79ad-4e3c-8fc3-6d37e03dcaae,9c545697-fab4-4274-b8d3-ec7b1a958b9f,1004,224,,Lyon,ST,N,35,Ottawa,Ottawa,CV,CV,LYON,ST,N,OTTAWA,ON,K1R0C1,,,,,,,7470979.6972,1189961.4861,,1
88,55e73f83-b2c7-4ce3-8290-16134e25a063,23906513-00af-4aeb-95e8-2d32b25a1ada,,81,,Nantucket,DR,,35,Richmond Hill,Richmond Hill,CY,CY,NANTUCKET,DR,,RICHMOND HILL,ON,L4E3V9,,,,,,,7213589.7829,959871.41565,,1
89,adc99ae1-8ed8-49db-97d1-6c53beafffda,327e7358-6f2a-4a20-9963-792b828e86e4,PH04,4725,,Sheppard,AVE,E,35,Toronto,Toronto,C,C,SHEPPARD,AVE,E,SCARBOROUGH,ON,M1S5B2,,,,,,,7232151.3212,946029.76951,,1
90,674ddb43-a22e-45c3-93e7-46c9f0d86386,67aaa58b-9a19-4ee1-b19a-c09cdabf9aab,67,30,,Wingarden,CRT,,35,Toronto,Toronto,C,C,WINGARDEN,CRT,,SCARBOROUGH,ON,M1B2K2,,,,,,,7233900.2193,948878.25322,,2
91,56fe562e-24d4-4428-8a61-a443959e3eb0,447f179a-1d85-4c44-b565-45aafd1886ce,,26,,La Roche,AVE,,35,Halton Hills,Halton Hills,T,T,LA ROCHE,AVE,,GEORGETOWN,ON,L7G0C8,,,,,,,7185550.3336,918325.23834,,1
92,7e8b3349-52d7-4a8b-a021-5d0b58ea7035,c3e078d7-bbe3-4ea6-809f-9375194d1076,1810,100,,Queen,ST,N,35,Kitchener,Kitchener,CY,CY,QUEEN,ST,N,KITCHENER,ON,N2H2H6,,,,,,,7139322.8538,889368.98057,,1
93,9f4d2334-3d6e-4c15-9e4b-13ccb811ba2b,20f70027-1f33-44b5-9977-1b57c4d66ad7,,316,,Laurier,AVE,,35,Sault Ste. Marie,Sault Ste. Marie,CY,CY,LAURIER,AVE,,SAULT STE. MARIE,ON,P6C5J4,,,,,,,6778326.1445,1187225.3767,,1
94,0d0f658b-e05f-4121-bf7e-f4ce3af0eef5,bc80b474-084b-4e4e-a364-2fdccec0b003,BSMT,45,,Sunnycrest,RD,,35,Toronto,Toronto,C,C,SUNNYCREST,RD,,NORTH YORK,ON,M2R1V4,,,,,,,7216049.5773,942264.77715,,1
95,3684e3b3-1355-4d39-8846-7f339259cf83,92be4188-a1dd-4f05-9180-3e90b8a2f6df,,69,,Ellen,ST,,35,Greater Sudbury / Grand Sudbury,Greater Sudbury / Grand Sudbury,CV,CV,ELLEN,ST,,AZILDA,ON,P0M1B0,,,,,,,,,,2
96,fa0547c8-fb6d-428e-924e-7a091553d02d,85fb3966-7845-415a-8631-a2f84536e6f6,B,27,,Symington,AVE,,35,Toronto,Toronto,C,C,SYMINGTON,AVE,,TORONTO,ON,M6P4G9,,,,,,,7219473.751,928200.8649,,1
97,c9f2ba34-c27d-4511-b809-86cacdf2277a,c4d37d59-c3f8-4ec6-8bc2-4e377e02099d,613,377,,Ridelle,AVE,,35,Toronto,Toronto,C,C,RIDELLE,AVE,,YORK,ON,M6B1K2,,,,,,,7219073.8647,933460.86882,,2
98,1dcba44c-b63b-4a9c-888e-8f6db836228c,efc13868-4102-4fc9-80a4-2984afeadb1b,2,295,,Mansion,ST,,35,Kitchener,Kitchener,CY,CY,MANSION,ST,,KITCHENER,ON,N2H2K8,,,,,,,7140286.3176,890176.59852,,2
99,e5baa59d-72a4-42f8-9458-c7658571aa4b,de600f31-af13-4cb2-b816-99ae9873b9d5,,1631,,Locksley,LANE,,35,Ottawa,Ottawa,CV,CV,LOCKSLEY,LANE,,GLOUCESTER,ON,K1J1B6,,,,,,,7478133.9716,1195762.064,,1
